{ 
  "$TileButtonDefaultTextColor": [ 1.0, 1.0, 1.0, 1.0 ],
  "$TileButtonHoverTextColor": [ 0.9, 0.9, 0.9, 1.0 ],
  "$TileButtonPressedTextColor": [ 0.8, 0.8, 0.8, 1.0 ],
  "$TileButtonLockedTextColor": [ 0.8, 0.8, 0.8, 1.0 ],
  
  "$MainMenuTileStateColorDefatult": [ 0.0, 0.0, 0.0, 0.0 ],
  "$MainMenuTileStateColorHover": [ 0.37255, 0.80392, 0.41569, 0.4 ],
  "$MainMenuTileStateColorPressed": [ 0.20784, 0.6902, 0.18824, 0.4 ],
  "$MainMenuTileStateColorLocked":  [ 0.84314, 0.21176, 0.06667, 0.4 ],
  
  "$TopBarButtonStateColorDefatult": [ 0.0, 0.0, 0.0, 0.0 ],
  "$TopBarButtonStateColorHover": [ 0.41176,  0.41569, 0.44706, 0.4 ],
  "$TopBarButtonStateColorPressed": [ 0.35294,  0.35686, 0.42353, 0.4 ],
  "$TopBarButtonStateColorLocked": [ 0.84314, 0.21176, 0.06667, 0.4 ],
  
  "$BlueButtonColorTop": [ 0.21569, 0.33725, 0.41569, 1.0 ],
  "$BlueButtonColorBottom": [ 0.34118, 0.51373, 0.61176, 1.0 ],
  
  "$MainMenuTileGradientColorTop1": [ 0.58431, 0.59216, 0.62353, 1.0 ],
  "$MainMenuTileGradientColorTop2": [ 0.76863, 0.72941, 0.71765, 1.0 ],
  "$MainMenuTileGradientColorBottom1": [ 0.52157, 0.49804, 0.52549, 0.9 ],
  "$MainMenuTileGradientColorBottom2": [ 0.60392, 0.57647, 0.56863, 0.9 ],
  
  "$HelpIconGradientColorTop": [ 0.3451, 0.40392, 0.58824, 1.0 ],
  "$HelpIconGradientColorBottom": [ 0.44706, 0.5098, 0.71373, 1.0 ],
  
  "$XboxIconGradientColorTop": [ 0.12157, 0.67843, 0.2, 1.0 ],
  "$XboxIconGradientColorBottom":  [ 0.15686, 0.77647, 0.24314, 1.0 ],

  "$DataColor": [ 0.0, 0.0, 0.0, 1.0 ]

}