﻿{
  "namespace": "start",

  "start_screen@common.base_screen": {
    "$screen_animations": [
      "@common.screen_exit_animation_push_alpha",
      "@common.screen_exit_animation_pop_alpha",
      "@common.screen_entrance_animation_push_alpha",
      "@common.screen_entrance_animation_pop_alpha"
    ],
    "button_mappings": [
      {
        "ignored": "(not $can_quit)",
        "from_button_id": "button.menu_cancel",
        "to_button_id": "button.menu_exit",
        "mapping_type": "global"
      },
      {
            "play_button@start.main_button": {
    "$pressed_button_name": "play_button_target",
    "$button_text": "menu.play",
    "$focus_override_right": "profile_button",
    "tts_index": 1
  },
        "ignored": "(not $nx_os)",
        "from_button_id": "button.controller_select",
        "to_button_id": "button.menu_offline",
        "mapping_type": "global"
      }
    ],
    "$screen_content": "MainMenuDefault.ScreenContent",
    "$screen_bg_content": "BackgroundData.00"
  }

}