{
  "click.Unknown": {
    "category": "ui",
    "sounds": [
      {
        "name": "ui/Sounds/null",
        "volume": 0.2,
        "load_on_low_memory": false
      }
    ]
  },
  "click.Play": {
    "category": "ui",
    "sounds": [
      {
        "name": "ui/Sounds/play",
        "volume": 0.2,
        "load_on_low_memory": false
      }
    ]
  },
  "click.Settings": {
    "category": "ui",
    "sounds": [
      {
        "name": "ui/Sounds/settings",
        "volume": 0.2,
        "load_on_low_memory": false
      }
    ]
  },
  "click.Profile": {
    "category": "ui",
    "sounds": [
      {
        "name": "ui/Sounds/profile",
        "volume": 0.2,
        "load_on_low_memory": false
      }
    ]
  },
  "click.Store": {
    "category": "ui",
    "sounds": [
      {
        "name": "ui/Sounds/store",
        "volume": 0.2,
        "load_on_low_memory": false
      }
    ]
  },
  "click.Login": {
    "category": "ui",
    "sounds": [
      {
        "name": "ui/Sounds/login",
        "volume": 0.2,
        "load_on_low_memory": false
      }
    ]
  },
  "click.Help": {
    "category": "ui",
    "sounds": [
      {
        "name": "ui/Sounds/help",
        "volume": 0.2,
        "load_on_low_memory": false
      }
    ]
  },
  "random.click": {
    "category": "ui",
    "sounds": [
      {
        "name": "ui/Sounds/cliclick",
        "volume": 0.2,
        "load_on_low_memory": false
      }
    ]
  }

}