{
	"format_version": "1.12.0",
	"minecraft:geometry": [
		{
			"description": {
				"identifier": "geometry.blockhit",
				"texture_width": 64,
				"texture_height": 64,
				"visible_bounds_width": 2,
				"visible_bounds_height": 1,
				"visible_bounds_offset": [0, 0, 0]
			},
			"bones": [
				{
					"name": "block_item",
					"pivot": [0, 0, 0],
					"rotation": [ 70, 0, 270],
					"cubes": [
						{"origin": [-0.9, 0, -0.1], "size": [1, 1, 1], "inflate": -0.1, "uv": [28, 30]},
						{"origin": [-0.1, 0, -0.1], "size": [1, 1, 1], "inflate": -0.1, "uv": [32, 30]},
						{"origin": [-0.9, 0, -0.9], "size": [1, 1, 1], "inflate": -0.1, "uv": [28, 34]},
						{"origin": [-0.1, 0, -0.9], "size": [1, 1, 1], "inflate": -0.1, "uv": [32, 34]},
						{"origin": [0.7, 0, -0.9], "size": [1, 1, 1], "inflate": -0.1, "uv": [36, 34]},
						{"origin": [0.7, 0, -0.1], "size": [1, 1, 1], "inflate": -0.1, "uv": [36, 30]},
						{"origin": [-0.1, 0, 0.7], "size": [1, 1, 1], "inflate": -0.1, "uv": [32, 26]},
						{"origin": [-0.9, 0, 0.7], "size": [1, 1, 1], "inflate": -0.1, "uv": [28, 26]},
						{"origin": [-1.7, 0, 0.7], "size": [1, 1, 1], "inflate": -0.1, "uv": [24, 26]},
						{"origin": [-1.7, 0, -0.1], "size": [1, 1, 1], "inflate": -0.1, "uv": [24, 30]},
						{"origin": [-1.7, 0, -0.9], "size": [1, 1, 1], "inflate": -0.1, "uv": [24, 34]},
						{"origin": [-0.9, 0, -1.7], "size": [1, 1, 1], "inflate": -0.1, "uv": [28, 38]},
						{"origin": [-0.1, 0, -1.7], "size": [1, 1, 1], "inflate": -0.1, "uv": [32, 38]},
						{"origin": [0.7, 0, -1.7], "size": [1, 1, 1], "inflate": -0.1, "uv": [36, 38]},
						{"origin": [0.7, 0, 0.7], "size": [1, 1, 1], "inflate": -0.1, "uv": [36, 26]},
						{"origin": [-1.7, 0, -1.7], "size": [1, 1, 1], "inflate": -0.1, "uv": [24, 38]},
						{"origin": [-1.7, 0, -2.5], "size": [1, 1, 1], "inflate": -0.1, "uv": [24, 42]},
						{"origin": [-1.7, 0, 1.5], "size": [1, 1, 1], "inflate": -0.1, "uv": [24, 22]},
						{"origin": [-1.7, 0, 2.3], "size": [1, 1, 1], "inflate": -0.1, "uv": [24, 18]},
						{"origin": [-1.7, 0, -3.3], "size": [1, 1, 1], "inflate": -0.1, "uv": [24, 46]},
						{"origin": [-1.7, 0, -4.1], "size": [1, 1, 1], "inflate": -0.1, "uv": [24, 50]},
						{"origin": [-1.7, 0, 3.1], "size": [1, 1, 1], "inflate": -0.1, "uv": [24, 14]},
						{"origin": [-1.7, 0, 3.9], "size": [1, 1, 1], "inflate": -0.1, "uv": [24, 10]},
						{"origin": [-1.7, 0, -4.9], "size": [1, 1, 1], "inflate": -0.1, "uv": [24, 54]},
						{"origin": [-1.7, 0, -5.7], "size": [1, 1, 1], "inflate": -0.1, "uv": [24, 58]},
						{"origin": [-1.7, 0, 4.7], "size": [1, 1, 1], "inflate": -0.1, "uv": [24, 6]},
						{"origin": [-1.7, 0, 5.5], "size": [1, 1, 1], "inflate": -0.1, "uv": [24, 2]},
						{"origin": [-1.7, 0, -6.5], "size": [1, 1, 1], "inflate": -0.1, "uv": [24, 62]},
						{"origin": [1.5, 0, -1.7], "size": [1, 1, 1], "inflate": -0.1, "uv": [40, 38]},
						{"origin": [2.3, 0, -1.7], "size": [1, 1, 1], "inflate": -0.1, "uv": [44, 38]},
						{"origin": [3.1, 0, -1.7], "size": [1, 1, 1], "inflate": -0.1, "uv": [48, 38]},
						{"origin": [3.9, 0, -1.7], "size": [1, 1, 1], "inflate": -0.1, "uv": [52, 38]},
						{"origin": [4.7, 0, -1.7], "size": [1, 1, 1], "inflate": -0.1, "uv": [56, 38]},
						{"origin": [5.5, 0, -1.7], "size": [1, 1, 1], "inflate": -0.1, "uv": [60, 38]},
						{"origin": [-2.5, 0, 0.7], "size": [1, 1, 1], "inflate": -0.1, "uv": [20, 26]},
						{"origin": [-3.3, 0, 0.7], "size": [1, 1, 1], "inflate": -0.1, "uv": [16, 26]},
						{"origin": [-4.1, 0, 0.7], "size": [1, 1, 1], "inflate": -0.1, "uv": [12, 26]},
						{"origin": [-4.9, 0, 0.7], "size": [1, 1, 1], "inflate": -0.1, "uv": [8, 26]},
						{"origin": [-5.7, 0, 0.7], "size": [1, 1, 1], "inflate": -0.1, "uv": [4, 26]},
						{"origin": [-6.5, 0, 0.7], "size": [1, 1, 1], "inflate": -0.1, "uv": [0, 26]},
						{"origin": [0.7, 0, -2.5], "size": [1, 1, 1], "inflate": -0.1, "uv": [36, 42]},
						{"origin": [0.7, 0, -3.3], "size": [1, 1, 1], "inflate": -0.1, "uv": [36, 46]},
						{"origin": [0.7, 0, -4.1], "size": [1, 1, 1], "inflate": -0.1, "uv": [36, 50]},
						{"origin": [0.7, 0, -4.9], "size": [1, 1, 1], "inflate": -0.1, "uv": [36, 54]},
						{"origin": [0.7, 0, -5.7], "size": [1, 1, 1], "inflate": -0.1, "uv": [36, 58]},
						{"origin": [0.7, 0, -6.5], "size": [1, 1, 1], "inflate": -0.1, "uv": [36, 62]},
						{"origin": [-0.1, 0, -2.5], "size": [1, 1, 1], "inflate": -0.1, "uv": [32, 42]},
						{"origin": [-0.1, 0, -3.3], "size": [1, 1, 1], "inflate": -0.1, "uv": [32, 46]},
						{"origin": [-0.1, 0, -4.1], "size": [1, 1, 1], "inflate": -0.1, "uv": [32, 50]},
						{"origin": [-0.1, 0, -4.9], "size": [1, 1, 1], "inflate": -0.1, "uv": [32, 54]},
						{"origin": [-0.1, 0, -5.7], "size": [1, 1, 1], "inflate": -0.1, "uv": [32, 58]},
						{"origin": [-0.1, 0, -6.5], "size": [1, 1, 1], "inflate": -0.1, "uv": [32, 62]},
						{"origin": [-0.9, 0, -2.5], "size": [1, 1, 1], "inflate": -0.1, "uv": [28, 42]},
						{"origin": [-0.9, 0, -3.3], "size": [1, 1, 1], "inflate": -0.1, "uv": [28, 46]},
						{"origin": [-0.9, 0, -4.1], "size": [1, 1, 1], "inflate": -0.1, "uv": [28, 50]},
						{"origin": [-0.9, 0, -4.9], "size": [1, 1, 1], "inflate": -0.1, "uv": [28, 54]},
						{"origin": [-0.9, 0, -5.7], "size": [1, 1, 1], "inflate": -0.1, "uv": [28, 58]},
						{"origin": [-0.9, 0, -6.5], "size": [1, 1, 1], "inflate": -0.1, "uv": [28, 62]},
						{"origin": [-2.5, 0, -0.1], "size": [1, 1, 1], "inflate": -0.1, "uv": [20, 30]},
						{"origin": [-2.5, 0, -0.9], "size": [1, 1, 1], "inflate": -0.1, "uv": [20, 34]},
						{"origin": [-2.5, 0, -1.7], "size": [1, 1, 1], "inflate": -0.1, "uv": [20, 38]},
						{"origin": [-2.5, 0, -2.5], "size": [1, 1, 1], "inflate": -0.1, "uv": [20, 42]},
						{"origin": [-2.5, 0, -3.3], "size": [1, 1, 1], "inflate": -0.1, "uv": [20, 46]},
						{"origin": [-2.5, 0, -4.1], "size": [1, 1, 1], "inflate": -0.1, "uv": [20, 50]},
						{"origin": [-2.5, 0, -4.9], "size": [1, 1, 1], "inflate": -0.1, "uv": [20, 54]},
						{"origin": [-2.5, 0, -5.7], "size": [1, 1, 1], "inflate": -0.1, "uv": [20, 58]},
						{"origin": [-2.5, 0, -6.5], "size": [1, 1, 1], "inflate": -0.1, "uv": [20, 62]},
						{"origin": [-3.3, 0, -0.1], "size": [1, 1, 1], "inflate": -0.1, "uv": [16, 30]},
						{"origin": [-3.3, 0, -0.9], "size": [1, 1, 1], "inflate": -0.1, "uv": [16, 34]},
						{"origin": [-3.3, 0, -1.7], "size": [1, 1, 1], "inflate": -0.1, "uv": [16, 38]},
						{"origin": [-3.3, 0, -2.5], "size": [1, 1, 1], "inflate": -0.1, "uv": [16, 42]},
						{"origin": [-3.3, 0, -3.3], "size": [1, 1, 1], "inflate": -0.1, "uv": [16, 46]},
						{"origin": [-3.3, 0, -4.1], "size": [1, 1, 1], "inflate": -0.1, "uv": [16, 50]},
						{"origin": [-3.3, 0, -4.9], "size": [1, 1, 1], "inflate": -0.1, "uv": [16, 54]},
						{"origin": [-3.3, 0, -5.7], "size": [1, 1, 1], "inflate": -0.1, "uv": [16, 58]},
						{"origin": [-3.3, 0, -6.5], "size": [1, 1, 1], "inflate": -0.1, "uv": [16, 62]},
						{"origin": [-4.1, 0, -0.1], "size": [1, 1, 1], "inflate": -0.1, "uv": [12, 30]},
						{"origin": [-4.1, 0, -0.9], "size": [1, 1, 1], "inflate": -0.1, "uv": [12, 34]},
						{"origin": [-4.1, 0, -1.7], "size": [1, 1, 1], "inflate": -0.1, "uv": [12, 38]},
						{"origin": [-4.1, 0, -2.5], "size": [1, 1, 1], "inflate": -0.1, "uv": [12, 42]},
						{"origin": [-4.1, 0, -3.3], "size": [1, 1, 1], "inflate": -0.1, "uv": [12, 46]},
						{"origin": [-4.1, 0, -4.1], "size": [1, 1, 1], "inflate": -0.1, "uv": [12, 50]},
						{"origin": [-4.1, 0, -4.9], "size": [1, 1, 1], "inflate": -0.1, "uv": [12, 54]},
						{"origin": [-4.1, 0, -5.7], "size": [1, 1, 1], "inflate": -0.1, "uv": [12, 58]},
						{"origin": [-4.1, 0, -6.5], "size": [1, 1, 1], "inflate": -0.1, "uv": [12, 62]},
						{"origin": [-4.9, 0, -0.1], "size": [1, 1, 1], "inflate": -0.1, "uv": [8, 30]},
						{"origin": [-4.9, 0, -0.9], "size": [1, 1, 1], "inflate": -0.1, "uv": [8, 34]},
						{"origin": [-4.9, 0, -1.7], "size": [1, 1, 1], "inflate": -0.1, "uv": [8, 38]},
						{"origin": [-4.9, 0, -2.5], "size": [1, 1, 1], "inflate": -0.1, "uv": [8, 42]},
						{"origin": [-4.9, 0, -3.3], "size": [1, 1, 1], "inflate": -0.1, "uv": [8, 46]},
						{"origin": [-4.9, 0, -4.1], "size": [1, 1, 1], "inflate": -0.1, "uv": [8, 50]},
						{"origin": [-4.9, 0, -4.9], "size": [1, 1, 1], "inflate": -0.1, "uv": [8, 54]},
						{"origin": [-4.9, 0, -5.7], "size": [1, 1, 1], "inflate": -0.1, "uv": [8, 58]},
						{"origin": [-4.9, 0, -6.5], "size": [1, 1, 1], "inflate": -0.1, "uv": [8, 62]},
						{"origin": [-5.7, 0, -0.1], "size": [1, 1, 1], "inflate": -0.1, "uv": [4, 30]},
						{"origin": [-5.7, 0, -0.9], "size": [1, 1, 1], "inflate": -0.1, "uv": [4, 34]},
						{"origin": [-5.7, 0, -1.7], "size": [1, 1, 1], "inflate": -0.1, "uv": [4, 38]},
						{"origin": [-5.7, 0, -2.5], "size": [1, 1, 1], "inflate": -0.1, "uv": [4, 42]},
						{"origin": [-5.7, 0, -3.3], "size": [1, 1, 1], "inflate": -0.1, "uv": [4, 46]},
						{"origin": [-5.7, 0, -4.1], "size": [1, 1, 1], "inflate": -0.1, "uv": [4, 50]},
						{"origin": [-5.7, 0, -4.9], "size": [1, 1, 1], "inflate": -0.1, "uv": [4, 54]},
						{"origin": [-6.5, 0, -0.1], "size": [1, 1, 1], "inflate": -0.1, "uv": [0, 30]},
						{"origin": [-6.5, 0, -0.9], "size": [1, 1, 1], "inflate": -0.1, "uv": [0, 34]},
						{"origin": [-6.5, 0, -1.7], "size": [1, 1, 1], "inflate": -0.1, "uv": [0, 38]},
						{"origin": [-6.5, 0, -2.5], "size": [1, 1, 1], "inflate": -0.1, "uv": [0, 42]},
						{"origin": [-6.5, 0, -3.3], "size": [1, 1, 1], "inflate": -0.1, "uv": [0, 46]},
						{"origin": [-6.5, 0, -4.1], "size": [1, 1, 1], "inflate": -0.1, "uv": [0, 50]},
						{"origin": [-6.5, 0, -4.9], "size": [1, 1, 1], "inflate": -0.1, "uv": [0, 54]},
						{"origin": [-6.5, 0, -5.7], "size": [1, 1, 1], "inflate": -0.1, "uv": [0, 58]},
						{"origin": [-5.7, 0, -5.7], "size": [1, 1, 1], "inflate": -0.1, "uv": [4, 58]},
						{"origin": [-6.5, 0, -6.5], "size": [1, 1, 1], "inflate": -0.1, "uv": [0, 62]},
						{"origin": [-5.7, 0, -6.5], "size": [1, 1, 1], "inflate": -0.1, "uv": [4, 62]},
						{"origin": [1.5, 0, -6.5], "size": [1, 1, 1], "inflate": -0.1, "uv": [40, 62]},
						{"origin": [2.3, 0, -6.5], "size": [1, 1, 1], "inflate": -0.1, "uv": [44, 62]},
						{"origin": [3.1, 0, -6.5], "size": [1, 1, 1], "inflate": -0.1, "uv": [48, 62]},
						{"origin": [3.9, 0, -6.5], "size": [1, 1, 1], "inflate": -0.1, "uv": [52, 62]},
						{"origin": [4.7, 0, -6.5], "size": [1, 1, 1], "inflate": -0.1, "uv": [56, 62]},
						{"origin": [4.7, 0, -5.7], "size": [1, 1, 1], "inflate": -0.1, "uv": [56, 58]},
						{"origin": [5.5, 0, -6.5], "size": [1, 1, 1], "inflate": -0.1, "uv": [60, 62]},
						{"origin": [5.5, 0, -5.7], "size": [1, 1, 1], "inflate": -0.1, "uv": [60, 58]},
						{"origin": [1.5, 0, -5.7], "size": [1, 1, 1], "inflate": -0.1, "uv": [40, 58]},
						{"origin": [2.3, 0, -5.7], "size": [1, 1, 1], "inflate": -0.1, "uv": [44, 58]},
						{"origin": [3.1, 0, -5.7], "size": [1, 1, 1], "inflate": -0.1, "uv": [48, 58]},
						{"origin": [3.9, 0, -5.7], "size": [1, 1, 1], "inflate": -0.1, "uv": [52, 58]},
						{"origin": [1.5, 0, -4.9], "size": [1, 1, 1], "inflate": -0.1, "uv": [40, 54]},
						{"origin": [2.3, 0, -4.9], "size": [1, 1, 1], "inflate": -0.1, "uv": [44, 54]},
						{"origin": [3.1, 0, -4.9], "size": [1, 1, 1], "inflate": -0.1, "uv": [48, 54]},
						{"origin": [3.9, 0, -4.9], "size": [1, 1, 1], "inflate": -0.1, "uv": [52, 54]},
						{"origin": [4.7, 0, -4.9], "size": [1, 1, 1], "inflate": -0.1, "uv": [56, 54]},
						{"origin": [5.5, 0, -4.9], "size": [1, 1, 1], "inflate": -0.1, "uv": [60, 54]},
						{"origin": [1.5, 0, -4.1], "size": [1, 1, 1], "inflate": -0.1, "uv": [40, 50]},
						{"origin": [2.3, 0, -4.1], "size": [1, 1, 1], "inflate": -0.1, "uv": [44, 50]},
						{"origin": [3.1, 0, -4.1], "size": [1, 1, 1], "inflate": -0.1, "uv": [48, 50]},
						{"origin": [3.9, 0, -4.1], "size": [1, 1, 1], "inflate": -0.1, "uv": [52, 50]},
						{"origin": [4.7, 0, -4.1], "size": [1, 1, 1], "inflate": -0.1, "uv": [56, 50]},
						{"origin": [1.5, 0, -3.3], "size": [1, 1, 1], "inflate": -0.1, "uv": [40, 46]},
						{"origin": [2.3, 0, -3.3], "size": [1, 1, 1], "inflate": -0.1, "uv": [44, 46]},
						{"origin": [3.1, 0, -3.3], "size": [1, 1, 1], "inflate": -0.1, "uv": [48, 46]},
						{"origin": [3.9, 0, -3.3], "size": [1, 1, 1], "inflate": -0.1, "uv": [52, 46]},
						{"origin": [1.5, 0, -2.5], "size": [1, 1, 1], "inflate": -0.1, "uv": [40, 42]},
						{"origin": [2.3, 0, -2.5], "size": [1, 1, 1], "inflate": -0.1, "uv": [44, 42]},
						{"origin": [3.1, 0, -2.5], "size": [1, 1, 1], "inflate": -0.1, "uv": [48, 42]},
						{"origin": [3.9, 0, -2.5], "size": [1, 1, 1], "inflate": -0.1, "uv": [52, 42]},
						{"origin": [4.7, 0, -2.5], "size": [1, 1, 1], "inflate": -0.1, "uv": [56, 42]},
						{"origin": [5.5, 0, -2.5], "size": [1, 1, 1], "inflate": -0.1, "uv": [60, 42]},
						{"origin": [4.7, 0, -3.3], "size": [1, 1, 1], "inflate": -0.1, "uv": [56, 46]},
						{"origin": [5.5, 0, -4.1], "size": [1, 1, 1], "inflate": -0.1, "uv": [60, 50]},
						{"origin": [5.5, 0, -3.3], "size": [1, 1, 1], "inflate": -0.1, "uv": [60, 46]},
						{"origin": [-0.9, 0, 5.5], "size": [1, 1, 1], "inflate": -0.1, "uv": [28, 2]},
						{"origin": [-0.1, 0, 5.5], "size": [1, 1, 1], "inflate": -0.1, "uv": [32, 2]},
						{"origin": [0.7, 0, 5.5], "size": [1, 1, 1], "inflate": -0.1, "uv": [36, 2]},
						{"origin": [1.5, 0, 5.5], "size": [1, 1, 1], "inflate": -0.1, "uv": [40, 2]},
						{"origin": [2.3, 0, 5.5], "size": [1, 1, 1], "inflate": -0.1, "uv": [44, 2]},
						{"origin": [3.1, 0, 5.5], "size": [1, 1, 1], "inflate": -0.1, "uv": [48, 2]},
						{"origin": [3.9, 0, 5.5], "size": [1, 1, 1], "inflate": -0.1, "uv": [52, 2]},
						{"origin": [4.7, 0, 5.5], "size": [1, 1, 1], "inflate": -0.1, "uv": [56, 2]},
						{"origin": [5.5, 0, 5.5], "size": [1, 1, 1], "inflate": -0.1, "uv": [60, 2]},
						{"origin": [-0.9, 0, 4.7], "size": [1, 1, 1], "inflate": -0.1, "uv": [28, 6]},
						{"origin": [-0.1, 0, 4.7], "size": [1, 1, 1], "inflate": -0.1, "uv": [32, 6]},
						{"origin": [0.7, 0, 4.7], "size": [1, 1, 1], "inflate": -0.1, "uv": [36, 6]},
						{"origin": [1.5, 0, 4.7], "size": [1, 1, 1], "inflate": -0.1, "uv": [40, 6]},
						{"origin": [2.3, 0, 4.7], "size": [1, 1, 1], "inflate": -0.1, "uv": [44, 6]},
						{"origin": [3.1, 0, 4.7], "size": [1, 1, 1], "inflate": -0.1, "uv": [48, 6]},
						{"origin": [3.9, 0, 4.7], "size": [1, 1, 1], "inflate": -0.1, "uv": [52, 6]},
						{"origin": [4.7, 0, 4.7], "size": [1, 1, 1], "inflate": -0.1, "uv": [56, 6]},
						{"origin": [5.5, 0, 4.7], "size": [1, 1, 1], "inflate": -0.1, "uv": [60, 6]},
						{"origin": [-0.9, 0, 1.5], "size": [1, 1, 1], "inflate": -0.1, "uv": [28, 22]},
						{"origin": [-0.1, 0, 1.5], "size": [1, 1, 1], "inflate": -0.1, "uv": [32, 22]},
						{"origin": [0.7, 0, 1.5], "size": [1, 1, 1], "inflate": -0.1, "uv": [36, 22]},
						{"origin": [-0.9, 0, 2.3], "size": [1, 1, 1], "inflate": -0.1, "uv": [28, 18]},
						{"origin": [-0.1, 0, 2.3], "size": [1, 1, 1], "inflate": -0.1, "uv": [32, 18]},
						{"origin": [0.7, 0, 2.3], "size": [1, 1, 1], "inflate": -0.1, "uv": [36, 18]},
						{"origin": [-0.9, 0, 3.1], "size": [1, 1, 1], "inflate": -0.1, "uv": [28, 14]},
						{"origin": [-0.1, 0, 3.1], "size": [1, 1, 1], "inflate": -0.1, "uv": [32, 14]},
						{"origin": [0.7, 0, 3.1], "size": [1, 1, 1], "inflate": -0.1, "uv": [36, 14]},
						{"origin": [-0.9, 0, 3.9], "size": [1, 1, 1], "inflate": -0.1, "uv": [28, 10]},
						{"origin": [-0.1, 0, 3.9], "size": [1, 1, 1], "inflate": -0.1, "uv": [32, 10]},
						{"origin": [0.7, 0, 3.9], "size": [1, 1, 1], "inflate": -0.1, "uv": [36, 10]},
						{"origin": [1.5, 0, 3.9], "size": [1, 1, 1], "inflate": -0.1, "uv": [40, 10]},
						{"origin": [2.3, 0, 3.9], "size": [1, 1, 1], "inflate": -0.1, "uv": [44, 10]},
						{"origin": [3.1, 0, 3.9], "size": [1, 1, 1], "inflate": -0.1, "uv": [48, 10]},
						{"origin": [3.9, 0, 3.9], "size": [1, 1, 1], "inflate": -0.1, "uv": [52, 10]},
						{"origin": [4.7, 0, 3.9], "size": [1, 1, 1], "inflate": -0.1, "uv": [56, 10]},
						{"origin": [5.5, 0, 3.9], "size": [1, 1, 1], "inflate": -0.1, "uv": [60, 10]},
						{"origin": [1.5, 0, 3.1], "size": [1, 1, 1], "inflate": -0.1, "uv": [40, 14]},
						{"origin": [2.3, 0, 3.1], "size": [1, 1, 1], "inflate": -0.1, "uv": [44, 14]},
						{"origin": [3.1, 0, 3.1], "size": [1, 1, 1], "inflate": -0.1, "uv": [48, 14]},
						{"origin": [3.9, 0, 3.1], "size": [1, 1, 1], "inflate": -0.1, "uv": [52, 14]},
						{"origin": [4.7, 0, 3.1], "size": [1, 1, 1], "inflate": -0.1, "uv": [56, 14]},
						{"origin": [5.5, 0, 3.1], "size": [1, 1, 1], "inflate": -0.1, "uv": [60, 14]},
						{"origin": [1.5, 0, 2.3], "size": [1, 1, 1], "inflate": -0.1, "uv": [40, 18]},
						{"origin": [2.3, 0, 2.3], "size": [1, 1, 1], "inflate": -0.1, "uv": [44, 18]},
						{"origin": [3.1, 0, 2.3], "size": [1, 1, 1], "inflate": -0.1, "uv": [48, 18]},
						{"origin": [3.9, 0, 2.3], "size": [1, 1, 1], "inflate": -0.1, "uv": [52, 18]},
						{"origin": [4.7, 0, 2.3], "size": [1, 1, 1], "inflate": -0.1, "uv": [56, 18]},
						{"origin": [5.5, 0, 2.3], "size": [1, 1, 1], "inflate": -0.1, "uv": [60, 18]},
						{"origin": [1.5, 0, 0.7], "size": [1, 1, 1], "inflate": -0.1, "uv": [40, 26]},
						{"origin": [1.5, 0, 1.5], "size": [1, 1, 1], "inflate": -0.1, "uv": [40, 22]},
						{"origin": [2.3, 0, 1.5], "size": [1, 1, 1], "inflate": -0.1, "uv": [44, 22]},
						{"origin": [2.3, 0, 0.7], "size": [1, 1, 1], "inflate": -0.1, "uv": [44, 26]},
						{"origin": [3.1, 0, 0.7], "size": [1, 1, 1], "inflate": -0.1, "uv": [48, 26]},
						{"origin": [3.1, 0, 1.5], "size": [1, 1, 1], "inflate": -0.1, "uv": [48, 22]},
						{"origin": [3.9, 0, 1.5], "size": [1, 1, 1], "inflate": -0.1, "uv": [52, 22]},
						{"origin": [4.7, 0, 1.5], "size": [1, 1, 1], "inflate": -0.1, "uv": [56, 22]},
						{"origin": [5.5, 0, 1.5], "size": [1, 1, 1], "inflate": -0.1, "uv": [60, 22]},
						{"origin": [3.9, 0, 0.7], "size": [1, 1, 1], "inflate": -0.1, "uv": [52, 26]},
						{"origin": [4.7, 0, 0.7], "size": [1, 1, 1], "inflate": -0.1, "uv": [56, 26]},
						{"origin": [5.5, 0, 0.7], "size": [1, 1, 1], "inflate": -0.1, "uv": [60, 26]},
						{"origin": [1.5, 0, -0.9], "size": [1, 1, 1], "inflate": -0.1, "uv": [40, 34]},
						{"origin": [2.3, 0, -0.9], "size": [1, 1, 1], "inflate": -0.1, "uv": [44, 34]},
						{"origin": [1.5, 0, -0.1], "size": [1, 1, 1], "inflate": -0.1, "uv": [40, 30]},
						{"origin": [2.3, 0, -0.1], "size": [1, 1, 1], "inflate": -0.1, "uv": [44, 30]},
						{"origin": [3.1, 0, -0.9], "size": [1, 1, 1], "inflate": -0.1, "uv": [48, 34]},
						{"origin": [3.1, 0, -0.1], "size": [1, 1, 1], "inflate": -0.1, "uv": [48, 30]},
						{"origin": [3.9, 0, -0.9], "size": [1, 1, 1], "inflate": -0.1, "uv": [52, 34]},
						{"origin": [3.9, 0, -0.1], "size": [1, 1, 1], "inflate": -0.1, "uv": [52, 30]},
						{"origin": [4.7, 0, -0.9], "size": [1, 1, 1], "inflate": -0.1, "uv": [56, 34]},
						{"origin": [4.7, 0, -0.1], "size": [1, 1, 1], "inflate": -0.1, "uv": [56, 30]},
						{"origin": [5.5, 0, -0.9], "size": [1, 1, 1], "inflate": -0.1, "uv": [60, 34]},
						{"origin": [5.5, 0, -0.1], "size": [1, 1, 1], "inflate": -0.1, "uv": [60, 30]},
						{"origin": [-2.5, 0, 1.5], "size": [1, 1, 1], "inflate": -0.1, "uv": [20, 22]},
						{"origin": [-2.5, 0, 2.3], "size": [1, 1, 1], "inflate": -0.1, "uv": [20, 18]},
						{"origin": [-2.5, 0, 3.1], "size": [1, 1, 1], "inflate": -0.1, "uv": [20, 14]},
						{"origin": [-2.5, 0, 3.9], "size": [1, 1, 1], "inflate": -0.1, "uv": [20, 10]},
						{"origin": [-2.5, 0, 4.7], "size": [1, 1, 1], "inflate": -0.1, "uv": [20, 6]},
						{"origin": [-2.5, 0, 5.5], "size": [1, 1, 1], "inflate": -0.1, "uv": [20, 2]},
						{"origin": [-3.3, 0, 1.5], "size": [1, 1, 1], "inflate": -0.1, "uv": [16, 22]},
						{"origin": [-3.3, 0, 2.3], "size": [1, 1, 1], "inflate": -0.1, "uv": [16, 18]},
						{"origin": [-3.3, 0, 3.1], "size": [1, 1, 1], "inflate": -0.1, "uv": [16, 14]},
						{"origin": [-3.3, 0, 3.9], "size": [1, 1, 1], "inflate": -0.1, "uv": [16, 10]},
						{"origin": [-3.3, 0, 4.7], "size": [1, 1, 1], "inflate": -0.1, "uv": [16, 6]},
						{"origin": [-3.3, 0, 5.5], "size": [1, 1, 1], "inflate": -0.1, "uv": [16, 2]},
						{"origin": [-4.1, 0, 1.5], "size": [1, 1, 1], "inflate": -0.1, "uv": [12, 22]},
						{"origin": [-4.1, 0, 2.3], "size": [1, 1, 1], "inflate": -0.1, "uv": [12, 18]},
						{"origin": [-4.1, 0, 3.1], "size": [1, 1, 1], "inflate": -0.1, "uv": [12, 14]},
						{"origin": [-4.1, 0, 3.9], "size": [1, 1, 1], "inflate": -0.1, "uv": [12, 10]},
						{"origin": [-4.1, 0, 4.7], "size": [1, 1, 1], "inflate": -0.1, "uv": [12, 6]},
						{"origin": [-4.1, 0, 5.5], "size": [1, 1, 1], "inflate": -0.1, "uv": [12, 2]},
						{"origin": [-4.9, 0, 1.5], "size": [1, 1, 1], "inflate": -0.1, "uv": [8, 22]},
						{"origin": [-4.9, 0, 2.3], "size": [1, 1, 1], "inflate": -0.1, "uv": [8, 18]},
						{"origin": [-4.9, 0, 3.1], "size": [1, 1, 1], "inflate": -0.1, "uv": [8, 14]},
						{"origin": [-4.9, 0, 3.9], "size": [1, 1, 1], "inflate": -0.1, "uv": [8, 10]},
						{"origin": [-4.9, 0, 4.7], "size": [1, 1, 1], "inflate": -0.1, "uv": [8, 6]},
						{"origin": [-4.9, 0, 5.5], "size": [1, 1, 1], "inflate": -0.1, "uv": [8, 2]},
						{"origin": [-5.7, 0, 1.5], "size": [1, 1, 1], "inflate": -0.1, "uv": [4, 22]},
						{"origin": [-5.7, 0, 2.3], "size": [1, 1, 1], "inflate": -0.1, "uv": [4, 18]},
						{"origin": [-5.7, 0, 3.1], "size": [1, 1, 1], "inflate": -0.1, "uv": [4, 14]},
						{"origin": [-5.7, 0, 3.9], "size": [1, 1, 1], "inflate": -0.1, "uv": [4, 10]},
						{"origin": [-5.7, 0, 4.7], "size": [1, 1, 1], "inflate": -0.1, "uv": [4, 6]},
						{"origin": [-5.7, 0, 5.5], "size": [1, 1, 1], "inflate": -0.1, "uv": [4, 2]},
						{"origin": [-6.5, 0, 1.5], "size": [1, 1, 1], "inflate": -0.1, "uv": [0, 22]},
						{"origin": [-6.5, 0, 2.3], "size": [1, 1, 1], "inflate": -0.1, "uv": [0, 18]},
						{"origin": [-6.5, 0, 3.1], "size": [1, 1, 1], "inflate": -0.1, "uv": [0, 14]},
						{"origin": [-6.5, 0, 3.9], "size": [1, 1, 1], "inflate": -0.1, "uv": [0, 10]},
						{"origin": [-6.5, 0, 4.7], "size": [1, 1, 1], "inflate": -0.1, "uv": [0, 6]},
						{"origin": [-6.5, 0, 5.5], "size": [1, 1, 1], "inflate": -0.1, "uv": [0, 2]}
					]
				}
			]
		}
	]
}