{
  "format_version": "1.10.0",
  "animation_controllers": {
    "controller.animation.greenscreen": {
	  "initial_state": "default",
      "states": {
        "default": {
		  "transitions": [ { "is_holding": "query.get_equipped_item_name == 'slime_ball' && query.is_in_ui && variable.attack_time/query.life_time != 0 && query.cardinal_facing == 0 && query.is_jumping && query.is_sneaking" } ]
        },
        "is_holding": {
          "particle_effects": [ { "effect": "greenscreen", "locator": "head" } ],
		  "transitions": [ { "default": "query.is_sneaking && query.is_in_ui && query.is_jumping && query.cardinal_facing == 1 && query.get_equipped_item_name == 'slime_ball'" } ]
        }
      }
    }
  }
}