{
  "format_version": "1.10.0",
  "animation_controllers": {
    "controller.animation.waypoint2": {
	  "initial_state": "default",
      "states": {
        "default": {
		  "transitions": [ { "is_holding": "query.is_sneaking && query.distance_from_camera >= 6 && variable.attack_time/query.life_time != 0 && query.cardinal_facing == 0 && query.is_jumping && query.get_equipped_item_name != 'slime_ball' && query.get_equipped_item_name != 'heart_of_the_sea'" } ]
        },
        "is_holding": {
          "particle_effects": [ { "effect": "waypoint2", "locator": "head" } ],
		  "transitions": [ { "default": "query.distance_from_camera <= 6" } ]
        }
      }
    }
  }
}