{
  "format_version": "1.10.0",
  "minecraft:client_entity": {
    "description": {
      "identifier": "minecraft:player",
      "materials": {
        "default": "entity_alphatest",
        "cape": "entity_alphatest",
        "animated": "player_animated"
      },
      "textures": {
        "default": "textures/entity/steve",
        "cape": "textures/entity/cape_invisible",
        "shield": "textures/entity/shield",
        "arrow": "textures/items/arrow",
        "firework": "textures/items/fireworks",
        "shell": "textures/items/nautilus",
        "totem": "textures/items/totem",
        "map": "textures/items/map_filled",
        "diamond_sword": "textures/items/diamond_sword",
        "s0": "textures/sketch/s0",
        "s1": "textures/sketch/s1",
        "s2": "textures/sketch/s2",
        "s3": "textures/sketch/s3",
        "s4": "textures/sketch/s4",
        "s5": "textures/sketch/s5",
        "s6": "textures/sketch/s6",
        "s7": "textures/sketch/s7",
        "s8": "textures/sketch/s8",
        "s9": "textures/sketch/s9",
        "s10": "textures/sketch/s10",
        "s11": "textures/sketch/s11",
        "s12": "textures/sketch/s12",
        "s13": "textures/sketch/s13",
        "s14": "textures/sketch/s14",
        "s15": "textures/sketch/s15",
        "s16": "textures/sketch/s16"
      },
      "geometry": {
        "default": "geometry.humanoid.custom",
        "cape": "geometry.cape",
        "shield": "geometry.shield",
        "offhand_item": "geometry.offhand",
        "offhand_item0": "geometry.offhand0",
      "offhand_item": "geometry.offhand",
             "block_item": "geometry.blockhit"
      },
      "scripts": {
        "scale": "0.9375",
        "initialize": [
          "variable.is_holding_right = 0.0;",
          "variable.is_blinking = 0.0;",
          "variable.last_blink_time = 0.0;",
          "variable.hand_bob = 0.0;"
        ],
        "pre_animation": [
          "variable.helmet_layer_visible = 1.0;",
          "variable.leg_layer_visible = 1.0;",
          "variable.boot_layer_visible = 1.0;",
          "variable.chest_layer_visible = 1.0;",
          "variable.attack_body_rot_y = Math.sin(360*Math.sqrt(variable.attack_time)) * 5.0;",
          "variable.tcos0 = (math.cos(query.modified_distance_moved * 38.17) * query.modified_move_speed / variable.gliding_speed_value) * 57.3;",
          "variable.first_person_rotation_factor = math.sin((1 - variable.attack_time) * 180.0);",
          "variable.hand_bob = query.life_time < 0.01 ? 0.0 : variable.hand_bob + ((query.is_on_ground && query.is_alive ? math.clamp(math.sqrt(math.pow(query.position_delta(0), 2.0) + math.pow(query.position_delta(2), 2.0)), 0.0, 0.1) : 0.0) - variable.hand_bob) * 0.02;",

          "variable.map_angle = math.clamp(1 - variable.player_x_rotation / 45.1, 0.0, 1.0);",
          "variable.item_use_normalized = query.main_hand_item_use_duration / query.main_hand_item_max_duration;",
"variable.health = math.round(query.health / query.max_health * 100);"
        ],
        "animate": [
          "waypoint",
          "waypoint2",
          "greenscreen",
          "bluescreen",
    { "big_offhand": "query.get_equipped_item_name('off_hand') != 'shield'" },
    { "charged_shield": "query.get_equipped_item_name('off_hand') == 'shield' && query.blocking" },
"blockhitter",
          "shield_offhand",
          "shield_offhand1",
        { "free4": "query.get_equipped_item_name('main_hand') == 'stick' && query.is_moving == 0 && query.ground_speed <= 0.05 && query.is_sneaking == 0"},
          "root"
        ]
      },
      "particle_effects": {

        "waypoint": "sketch:waypoint",
        "waypoint2": "sketch:waypoint2",
        "greenscreen": "sketch:greenscreen",
        "bluescreen": "sketch:bluescreen"
      },
      "animations": {

     "first_block": "animation.player.first_person.blockhit",
                "greenscreen": "controller.animation.greenscreen",
                "bluescreen": "controller.animation.bluescreen",
                "waypoint": "controller.animation.waypoint",
                "waypoint2": "controller.animation.waypoint2",
        "root": "controller.animation.player.root",
        "base_controller": "controller.animation.player.base",
        "humanoid_base_pose": "animation.humanoid.base_pose",
        "look_at_target": "controller.animation.humanoid.look_at_target",
        "look_at_target_ui": "animation.player.look_at_target.ui",
        "look_at_target_default": "animation.humanoid.look_at_target.default",
        "look_at_target_gliding": "animation.humanoid.look_at_target.gliding",
        "look_at_target_swimming": "animation.humanoid.look_at_target.swimming",
        "look_at_target_inverted": "animation.player.look_at_target.inverted",
        "cape": "animation.player.cape",
        "move.arms": "animation.player.move.arms",
        "move.legs": "animation.player.move.legs",
        "swimming": "animation.player.swim",
        "swimming.legs": "animation.player.swim.legs",
        "riding.arms": "animation.player.riding.arms",
        "riding.legs": "animation.player.riding.legs",
        "holding": "animation.player.holding",
        "brandish_spear": "animation.humanoid.brandish_spear",
        "charging": "animation.humanoid.charging",
        "attack.positions": "animation.player.attack.positions",
        "attack.rotations": "animation.player.attack.rotations",
        "sneaking": "animation.player.sneaking",
        "bob": "animation.player.bob",
        "damage_nearby_mobs": "animation.humanoid.damage_nearby_mobs",
        "bow_and_arrow": "animation.humanoid.bow_and_arrow",
        "use_item_progress": "animation.humanoid.use_item_progress",
        "skeleton_attack": "animation.skeleton.attack",
        "sleeping": "animation.player.sleeping",
        "first_person_base_pose": "animation.player.first_person.base_pose",
        "first_person_swap_item": "animation.player.first_person.swap_item",
        "first_person_attack_controller": "controller.animation.player.first_person_attack",
        "first_person_attack_rotation": "animation.player.first_person.attack_rotation",
        "first_person_vr_attack_rotation": "animation.player.first_person.vr_attack_rotation",
        "first_person_walk": "animation.player.first_person.walk",
        "first_person_map_controller": "controller.animation.player.first_person_map",
        "first_person_map_hold": "animation.player.first_person.map_hold",
        "first_person_map_hold_attack": "animation.player.first_person.map_hold_attack",
        "first_person_map_hold_off_hand": "animation.player.first_person.map_hold_off_hand",
        "first_person_map_hold_main_hand": "animation.player.first_person.map_hold_main_hand",
        "first_person_crossbow_equipped": "animation.player.first_person.crossbow_equipped",
        "free0": "animation.player.free0",
        "shield_offhand": "animation.player.offhand_shield",
        "blockhit": "animation.player.blockhit",
        "shield_offhand1": "animation.player.offhand_shield1",
        "blockhitter": "animation.player.blockhitter",
        "charged_shield": "animation.player.charged_shield",
        "big_offhand": "animation.player.offhand_big",
        "free360": "animation.player.free360",
        "free1": "animation.player.free1",
        "free2": "animation.player.free2",
        "free3": "animation.player.free3",
        "free4": "animation.player.free4",
        "third_person_crossbow_equipped": "animation.player.crossbow_equipped",
        "third_person_bow_equipped": "animation.player.bow_equipped",
        "crossbow_hold": "animation.player.crossbow_hold",
        "crossbow_controller": "controller.animation.player.crossbow",
        "shield_block_main_hand": "animation.player.shield_block_main_hand",
        "shield_block_off_hand": "animation.player.shield_block_off_hand",
        "blink": "controller.animation.persona.blink"
      },
      "render_controllers": [
        { "controller.render.player.first_person": "variable.is_first_person" },
        { "controller.render.player.third_person": "!variable.is_first_person && !variable.map_face_icon" },
        { "controller.render.player.map": "variable.map_face_icon" },
        { "controller.render.shield_offhand": "query.get_equipped_item_name('off_hand') == 'shield' && query.is_in_ui && query.is_swimming == 0 && query.is_gliding == 0" },
        { "controller.render.arrow_offhand": "query.get_equipped_item_name('off_hand') == 'arrow' && query.is_in_ui && query.is_swimming == 0 && query.is_gliding == 0" },
        { "controller.render.totem_offhand": "query.get_equipped_item_name('off_hand') == 'totem_of_undying' && query.is_in_ui && query.is_swimming == 0 && query.is_gliding == 0" },
        { "controller.render.firework_offhand": "query.get_equipped_item_name('off_hand') == 'firework_rocket' && query.is_in_ui && query.is_swimming == 0 && query.is_gliding == 0" },
        { "controller.render.shell_offhand": "query.get_equipped_item_name('off_hand') == 'nautilus_shell' && query.is_in_ui && query.is_swimming == 0 && query.is_gliding == 0" },
        { "controller.render.filled_map_offhand": "query.get_equipped_item_name('off_hand') == 'filled_map' && query.is_in_ui && query.is_swimming == 0 && query.is_gliding == 0" },
        { "controller.render.diamond_sword": "variable.is_first_person && query.blocking && query.get_equipped_item_name('offhand_hand') == 'diamond_sword'" },
        { "controller.render.s1": "query.ground_speed+query.vertical_speed >= 0.5 && query.is_in_ui && query.is_swimming == 0 && query.is_gliding == 0" },
        { "controller.render.s2": "query.ground_speed+query.vertical_speed >= 1 && query.is_in_ui && query.is_swimming == 0 && query.is_gliding == 0" },
        { "controller.render.s3": "query.ground_speed+query.vertical_speed >= 1.5 && query.is_in_ui && query.is_swimming == 0 && query.is_gliding == 0" },
        { "controller.render.s4": "query.ground_speed+query.vertical_speed >= 2 && query.is_in_ui && query.is_swimming == 0 && query.is_gliding == 0" },
        { "controller.render.s5": "query.ground_speed+query.vertical_speed >= 2.5 && query.is_in_ui && query.is_swimming == 0 && query.is_gliding == 0" },
        { "controller.render.s6": "query.ground_speed+query.vertical_speed >= 3 && query.is_in_ui && query.is_swimming == 0 && query.is_gliding == 0" },
        { "controller.render.s7": "query.ground_speed+query.vertical_speed >= 3.5 && query.is_in_ui && query.is_swimming == 0 && query.is_gliding == 0" },
        { "controller.render.s8": "query.ground_speed+query.vertical_speed >= 4 && query.is_in_ui && query.is_swimming == 0 && query.is_gliding == 0" },
        { "controller.render.s9": "query.ground_speed+query.vertical_speed >= 4.5 && query.is_in_ui && query.is_swimming == 0 && query.is_gliding == 0" },
        { "controller.render.s10": "query.ground_speed+query.vertical_speed >= 5 && query.is_in_ui && query.is_swimming == 0 && query.is_gliding == 0" },
        { "controller.render.s11": "query.ground_speed+query.vertical_speed >= 5.5 && query.is_in_ui && query.is_swimming == 0 && query.is_gliding == 0" },
        { "controller.render.s12": "query.ground_speed+query.vertical_speed >= 6 && query.is_in_ui && query.is_swimming == 0 && query.is_gliding == 0" },
        { "controller.render.s13": "query.ground_speed+query.vertical_speed >= 6.5 && query.is_in_ui && query.is_swimming == 0 && query.is_gliding == 0" },
        { "controller.render.s14": "query.ground_speed+query.vertical_speed >= 7 && query.is_in_ui && query.is_swimming == 0 && query.is_gliding == 0" },
        { "controller.render.s15": "query.ground_speed+query.vertical_speed >= 7.5 && query.is_in_ui && query.is_swimming == 0 && query.is_gliding == 0" },
        { "controller.render.s16": "query.ground_speed+query.vertical_speed >= 8 && query.is_in_ui && query.is_swimming == 0 && query.is_gliding == 0" }

      ],
      "enable_attachables": true
    }
  }
}
